dataset,method,config,accuracy,kappa_m,n_instances,filename
agrawal_a,ARTE,mw10,0.844085,0.669462,1000000,ARTE_CPU_agrawal_a_mw10_s123456789_20260405_172207.csv
airlines,ARTE,mw10,0.640508,0.192954,539383,ARTE_CPU_airlines_mw10_s123456789_20260405_172202.csv
covtype,ARTE,mw10,0.957197,0.916466,581012,ARTE_CPU_covtype_mw10_s123456789_20260405_172209.csv
electricity,ARTE,mw10,0.902233,0.769715,45312,ARTE_CPU_electricity_mw10_s123456789_20260405_163554.csv
electricity,ARTE,mw5,0.903734,0.773249,45312,ARTE_CPU_electricity_mw5_s123456789_20260405_132945.csv
electricity,ARTE,s123456789_20260317_201200,0.908876,0.785362,45312,ARTE_CPU_electricity_s123456789_20260317_201200.csv
electricity,ARTE,s123456789_20260318_000454,0.906449,0.779643,45312,ARTE_CPU_electricity_s123456789_20260318_000454.csv
gassensor,ARTE,mw10,0.952624,0.939547,13910,ARTE_CPU_gassensor_mw10_s123456789_20260405_161853.csv
gmsc,ARTE,mw10,0.936293,0.046878,150000,ARTE_CPU_gmsc_mw10_s123456789_20260405_163558.csv
led_a,ARTE,mw10,0.740464,0.711360,1000000,ARTE_CPU_led_a_mw10_s123456789_20260417_223244.csv
led_g,ARTE,mw10,0.731091,0.700939,1000000,ARTE_CPU_led_g_mw10_s123456789_20260405_201515.csv
mixed_a,ARTE,mw10,0.995539,0.991078,1000000,ARTE_CPU_mixed_a_mw10_s123456789_20260406_000714.csv
mixed_g,ARTE,mw10,0.941492,0.882984,1000000,ARTE_CPU_mixed_g_mw10_s123456789_20260406_000715.csv
outdoor,ARTE,mw10,0.856250,0.852564,4000,ARTE_CPU_outdoor_mw10_s123456789_20260405_161852.csv
ozone,ARTE,mw10,0.938043,0.018750,2534,ARTE_CPU_ozone_mw10_s123456789_20260405_161851.csv
rbf_f,ARTE,mw10,0.782186,0.688794,1000000,ARTE_CPU_rbf_f_mw10_s123456789_20260406_000718.csv
rbf_m,ARTE,mw10,0.873546,0.819327,1000000,ARTE_CPU_rbf_m_mw10_s123456789_20260406_000719.csv
rialto,ARTE,mw10,0.840997,0.823330,82250,ARTE_CPU_rialto_mw10_s123456789_20260405_163556.csv
sea_a,ARTE,mw10,0.897347,0.743940,1000000,ARTE_CPU_sea_a_mw10_s123456789_20260405_201510.csv
sea_g,ARTE,mw10,0.892892,0.732831,1000000,ARTE_CPU_sea_g_mw10_s123456789_20260405_201511.csv
shuttle,ARTE,mw10,0.996983,0.985902,57999,ARTE_CPU_shuttle_mw10_s123456789_20260405_163555.csv
agrawal_a,NeuralARTE,abc_cnn_nodrift,0.875952,0.737019,1000000,NeuralARTE_agrawal_a_abc_cnn_nodrift_s123456789_20260418_040916.csv
agrawal_g,NeuralARTE,abc_cnn_nodrift,0.829792,0.639186,1000000,NeuralARTE_agrawal_g_abc_cnn_nodrift_s123456789_20260418_040918.csv
airlines,NeuralARTE,abc_adwin_dir,0.590658,0.081044,539383,NeuralARTE_airlines_abc_adwin_dir_s123456789_20260406_083343.csv
airlines,NeuralARTE,abc_cnn_adwin_dir,0.587607,0.074193,539383,NeuralARTE_airlines_abc_cnn_adwin_dir_s123456789_20260406_014938.csv
airlines,NeuralARTE,abc_cnn_nodrift,0.588769,0.076803,539383,NeuralARTE_airlines_abc_cnn_nodrift_s123456789_20260417_233724.csv
airlines,NeuralARTE,abc_nodrift,0.588389,0.075950,539383,NeuralARTE_airlines_abc_nodrift_s123456789_20260406_112634.csv
airlines,NeuralARTE,abc_proj_adwin_dir,0.589575,0.078614,539383,NeuralARTE_airlines_abc_proj_adwin_dir_s123456789_20260406_133746.csv
airlines,NeuralARTE,abc_proj_nodrift,0.590241,0.080108,539383,NeuralARTE_airlines_abc_proj_nodrift_s123456789_20260406_181158.csv
airlines,NeuralARTE,current_adwin_dir,0.588912,0.077123,539383,NeuralARTE_airlines_current_adwin_dir_s123456789_20260406_191246.csv
airlines,NeuralARTE,current_nodrift,0.596005,0.093048,539383,NeuralARTE_airlines_current_nodrift_s123456789_20260406_102733.csv
covtype,NeuralARTE,abc_adwin_dir,0.932499,0.868265,581012,NeuralARTE_covtype_abc_adwin_dir_s123456789_20260406_112711.csv
covtype,NeuralARTE,abc_cnn_adwin_dir,0.922411,0.848578,581012,NeuralARTE_covtype_abc_cnn_adwin_dir_s123456789_20260406_001841.csv
covtype,NeuralARTE,abc_cnn_nodrift,0.900133,0.805100,581012,NeuralARTE_covtype_abc_cnn_nodrift_s123456789_20260417_233719.csv
covtype,NeuralARTE,abc_nodrift,0.906541,0.817605,581012,NeuralARTE_covtype_abc_nodrift_s123456789_20260406_085936.csv
covtype,NeuralARTE,abc_proj_adwin_dir,0.931638,0.866585,581012,NeuralARTE_covtype_abc_proj_adwin_dir_s123456789_20260406_170432.csv
covtype,NeuralARTE,abc_proj_nodrift,0.905326,0.815234,581012,NeuralARTE_covtype_abc_proj_nodrift_s123456789_20260406_154700.csv
covtype,NeuralARTE,current_adwin_dir,0.925112,0.853848,581012,NeuralARTE_covtype_current_adwin_dir_s123456789_20260406_222534.csv
covtype,NeuralARTE,current_nodrift,0.926296,0.856159,581012,NeuralARTE_covtype_current_nodrift_s123456789_20260406_085636.csv
electricity,NeuralARTE,abc_adwin_dir,0.903491,0.772678,45312,NeuralARTE_electricity_abc_adwin_dir_s123456789_20260405_172251.csv
electricity,NeuralARTE,abc_cnn_adwin_dir,0.901527,0.768051,45312,NeuralARTE_electricity_abc_cnn_adwin_dir_s123456789_20260406_000727.csv
electricity,NeuralARTE,abc_cnn_nodrift,0.899740,0.763841,45312,NeuralARTE_electricity_abc_cnn_nodrift_s123456789_20260417_222801.csv
electricity,NeuralARTE,abc_nodrift,0.900534,0.765712,45312,NeuralARTE_electricity_abc_nodrift_s123456789_20260406_084323.csv
electricity,NeuralARTE,abc_proj_adwin_dir,0.903580,0.772886,45312,NeuralARTE_electricity_abc_proj_adwin_dir_s123456789_20260405_172251.csv
electricity,NeuralARTE,abc_proj_nodrift,0.902013,0.769195,45312,NeuralARTE_electricity_abc_proj_nodrift_s123456789_20260406_152947.csv
electricity,NeuralARTE,current_adwin_dir,0.891706,0.744919,45312,NeuralARTE_electricity_current_adwin_dir_s123456789_20260405_192507.csv
electricity,NeuralARTE,current_nodrift,0.892192,0.746062,45312,NeuralARTE_electricity_current_nodrift_s123456789_20260406_084323.csv
gassensor,NeuralARTE,abc_adwin_dir,0.947088,0.932483,13910,NeuralARTE_gassensor_abc_adwin_dir_s123456789_20260405_172250.csv
gassensor,NeuralARTE,abc_cnn_adwin_dir,0.947376,0.932850,13910,NeuralARTE_gassensor_abc_cnn_adwin_dir_s123456789_20260406_000727.csv
gassensor,NeuralARTE,abc_cnn_nodrift,0.961107,0.950372,13910,NeuralARTE_gassensor_abc_cnn_nodrift_s123456789_20260417_222300.csv
gassensor,NeuralARTE,abc_nodrift,0.952912,0.939914,13910,NeuralARTE_gassensor_abc_nodrift_s123456789_20260406_084322.csv
gassensor,NeuralARTE,abc_proj_adwin_dir,0.949029,0.934960,13910,NeuralARTE_gassensor_abc_proj_adwin_dir_s123456789_20260405_172253.csv
gassensor,NeuralARTE,abc_proj_nodrift,0.963408,0.953307,13910,NeuralARTE_gassensor_abc_proj_nodrift_s123456789_20260406_152946.csv
gassensor,NeuralARTE,current_adwin_dir,0.942559,0.926704,13910,NeuralARTE_gassensor_current_adwin_dir_s123456789_20260405_192506.csv
gassensor,NeuralARTE,current_nodrift,0.924443,0.903587,13910,NeuralARTE_gassensor_current_nodrift_s123456789_20260406_084322.csv
gmsc,NeuralARTE,abc_adwin_dir,0.909380,-0.355775,150000,NeuralARTE_gmsc_abc_adwin_dir_s123456789_20260405_173454.csv
gmsc,NeuralARTE,abc_cnn_adwin_dir,0.909833,-0.348993,150000,NeuralARTE_gmsc_abc_cnn_adwin_dir_s123456789_20260406_001831.csv
gmsc,NeuralARTE,abc_cnn_nodrift,0.907627,-0.382007,150000,NeuralARTE_gmsc_abc_cnn_nodrift_s123456789_20260417_224605.csv
gmsc,NeuralARTE,abc_nodrift,0.908667,-0.366447,150000,NeuralARTE_gmsc_abc_nodrift_s123456789_20260406_085927.csv
gmsc,NeuralARTE,abc_proj_adwin_dir,0.909907,-0.347895,150000,NeuralARTE_gmsc_abc_proj_adwin_dir_s123456789_20260405_174154.csv
gmsc,NeuralARTE,abc_proj_nodrift,0.903900,-0.437762,150000,NeuralARTE_gmsc_abc_proj_nodrift_s123456789_20260406_154651.csv
gmsc,NeuralARTE,current_adwin_dir,0.892780,-0.604129,150000,NeuralARTE_gmsc_current_adwin_dir_s123456789_20260405_193710.csv
gmsc,NeuralARTE,current_nodrift,0.889687,-0.650409,150000,NeuralARTE_gmsc_current_nodrift_s123456789_20260406_085627.csv
led_a,NeuralARTE,abc_cnn_nodrift,0.723914,0.692954,1000000,NeuralARTE_led_a_abc_cnn_nodrift_s123456789_20260418_113223.csv
led_g,NeuralARTE,abc_cnn_nodrift,0.715077,0.683129,1000000,NeuralARTE_led_g_abc_cnn_nodrift_s123456789_20260418_113223.csv
mixed_a,NeuralARTE,abc_cnn_nodrift,0.975754,0.951508,1000000,NeuralARTE_mixed_a_abc_cnn_nodrift_s123456789_20260419_065330.csv
mixed_g,NeuralARTE,abc_cnn_nodrift,0.894201,0.788402,1000000,NeuralARTE_mixed_g_abc_cnn_nodrift_s123456789_20260419_065331.csv
outdoor,NeuralARTE,abc_adwin_dir,0.833250,0.828974,4000,NeuralARTE_outdoor_abc_adwin_dir_s123456789_20260405_172248.csv
outdoor,NeuralARTE,abc_cnn_adwin_dir,0.820000,0.815385,4000,NeuralARTE_outdoor_abc_cnn_adwin_dir_s123456789_20260406_000525.csv
outdoor,NeuralARTE,abc_cnn_nodrift,0.847000,0.843077,4000,NeuralARTE_outdoor_abc_cnn_nodrift_s123456789_20260417_222259.csv
outdoor,NeuralARTE,abc_nodrift,0.854000,0.850256,4000,NeuralARTE_outdoor_abc_nodrift_s123456789_20260406_084121.csv
outdoor,NeuralARTE,abc_proj_adwin_dir,0.841000,0.836923,4000,NeuralARTE_outdoor_abc_proj_adwin_dir_s123456789_20260405_172249.csv
outdoor,NeuralARTE,abc_proj_nodrift,0.859750,0.856154,4000,NeuralARTE_outdoor_abc_proj_nodrift_s123456789_20260406_152745.csv
outdoor,NeuralARTE,current_adwin_dir,0.838250,0.834103,4000,NeuralARTE_outdoor_current_adwin_dir_s123456789_20260405_192505.csv
outdoor,NeuralARTE,current_nodrift,0.853750,0.850000,4000,NeuralARTE_outdoor_current_nodrift_s123456789_20260406_084121.csv
ozone,NeuralARTE,abc_adwin_dir,0.933702,-0.050000,2534,NeuralARTE_ozone_abc_adwin_dir_s123456789_20260405_172247.csv
ozone,NeuralARTE,abc_cnn_adwin_dir,0.931334,-0.087500,2534,NeuralARTE_ozone_abc_cnn_adwin_dir_s123456789_20260406_000524.csv
ozone,NeuralARTE,abc_cnn_nodrift,0.932912,-0.062500,2534,NeuralARTE_ozone_abc_cnn_nodrift_s123456789_20260417_222158.csv
ozone,NeuralARTE,abc_nodrift,0.937253,0.006250,2534,NeuralARTE_ozone_abc_nodrift_s123456789_20260406_084120.csv
ozone,NeuralARTE,abc_proj_adwin_dir,0.926993,-0.156250,2534,NeuralARTE_ozone_abc_proj_adwin_dir_s123456789_20260405_172250.csv
ozone,NeuralARTE,abc_proj_nodrift,0.921073,-0.250000,2534,NeuralARTE_ozone_abc_proj_nodrift_s123456789_20260406_152744.csv
ozone,NeuralARTE,current_adwin_dir,0.931728,-0.081250,2534,NeuralARTE_ozone_current_adwin_dir_s123456789_20260405_192504.csv
ozone,NeuralARTE,current_nodrift,0.932912,-0.062500,2534,NeuralARTE_ozone_current_nodrift_s123456789_20260406_084120.csv
rialto,NeuralARTE,abc_adwin_dir,0.636790,0.596434,82250,NeuralARTE_rialto_abc_adwin_dir_s123456789_20260405_173453.csv
rialto,NeuralARTE,abc_cnn_adwin_dir,0.647733,0.608592,82250,NeuralARTE_rialto_abc_cnn_adwin_dir_s123456789_20260406_001830.csv
rialto,NeuralARTE,abc_cnn_nodrift,0.717787,0.686430,82250,NeuralARTE_rialto_abc_cnn_nodrift_s123456789_20260417_224604.csv
rialto,NeuralARTE,abc_nodrift,0.681495,0.646106,82250,NeuralARTE_rialto_abc_nodrift_s123456789_20260406_085926.csv
rialto,NeuralARTE,abc_proj_adwin_dir,0.638480,0.598311,82250,NeuralARTE_rialto_abc_proj_adwin_dir_s123456789_20260405_174153.csv
rialto,NeuralARTE,abc_proj_nodrift,0.679854,0.644282,82250,NeuralARTE_rialto_abc_proj_nodrift_s123456789_20260406_154649.csv
rialto,NeuralARTE,current_adwin_dir,0.659052,0.621169,82250,NeuralARTE_rialto_current_adwin_dir_s123456789_20260405_193709.csv
rialto,NeuralARTE,current_nodrift,0.698991,0.665545,82250,NeuralARTE_rialto_current_nodrift_s123456789_20260406_085625.csv
sea_a,NeuralARTE,abc_cnn_nodrift,0.797061,0.493785,1000000,NeuralARTE_sea_a_abc_cnn_nodrift_s123456789_20260418_223727.csv
sea_g,NeuralARTE,abc_cnn_nodrift,0.794527,0.487471,1000000,NeuralARTE_sea_g_abc_cnn_nodrift_s123456789_20260418_223727.csv
shuttle,NeuralARTE,abc_adwin_dir,0.988965,0.948441,57999,NeuralARTE_shuttle_abc_adwin_dir_s123456789_20260405_172252.csv
shuttle,NeuralARTE,abc_cnn_adwin_dir,0.990017,0.953355,57999,NeuralARTE_shuttle_abc_cnn_adwin_dir_s123456789_20260406_000728.csv
shuttle,NeuralARTE,abc_cnn_nodrift,0.990793,0.956981,57999,NeuralARTE_shuttle_abc_cnn_nodrift_s123456789_20260417_222802.csv
shuttle,NeuralARTE,abc_nodrift,0.990776,0.956900,57999,NeuralARTE_shuttle_abc_nodrift_s123456789_20260406_084324.csv
shuttle,NeuralARTE,abc_proj_adwin_dir,0.988362,0.945622,57999,NeuralARTE_shuttle_abc_proj_adwin_dir_s123456789_20260405_172252.csv
shuttle,NeuralARTE,abc_proj_nodrift,0.990931,0.957625,57999,NeuralARTE_shuttle_abc_proj_nodrift_s123456789_20260406_152948.csv
shuttle,NeuralARTE,current_adwin_dir,0.990758,0.956819,57999,NeuralARTE_shuttle_current_adwin_dir_s123456789_20260405_192508.csv
shuttle,NeuralARTE,current_nodrift,0.991603,0.960767,57999,NeuralARTE_shuttle_current_nodrift_s123456789_20260406_084324.csv
agrawal_a,SoftReset,soft_reset_abc_proj_rl1_adwin,0.878949,0.743373,1000000,NeuralARTE_agrawal_a_soft_reset_abc_proj_rl1_adwin_s123456789_20260418_214643.csv
agrawal_g,SoftReset,soft_reset_abc_proj_rl1_adwin,0.808088,0.593178,1000000,NeuralARTE_agrawal_g_soft_reset_abc_proj_rl1_adwin_s123456789_20260418_214644.csv
airlines,SoftReset,soft_reset_abc_cnn_rl1_adwin,0.588374,0.075916,539383,NeuralARTE_airlines_soft_reset_abc_cnn_rl1_adwin_s123456789_20260418_221440.csv
airlines,SoftReset,soft_reset_abc_cnn_rl1_nodrift,0.588665,0.076570,539383,NeuralARTE_airlines_soft_reset_abc_cnn_rl1_nodrift_s123456789_20260419_011918.csv
airlines,SoftReset,soft_reset_abc_proj_rl1_adwin,0.590586,0.080882,539383,NeuralARTE_airlines_soft_reset_abc_proj_rl1_adwin_s123456789_20260417_233838.csv
airlines,SoftReset,soft_reset_abc_rl1_adwin,0.590901,0.081589,539383,NeuralARTE_airlines_soft_reset_abc_rl1_adwin_s123456789_20260406_013102.csv
covtype,SoftReset,soft_reset_abc_cnn_rl1_adwin,0.893059,0.791294,581012,NeuralARTE_covtype_soft_reset_abc_cnn_rl1_adwin_s123456789_20260418_004614.csv
covtype,SoftReset,soft_reset_abc_cnn_rl1_nodrift,0.899575,0.804011,581012,NeuralARTE_covtype_soft_reset_abc_cnn_rl1_nodrift_s123456789_20260418_211201.csv
covtype,SoftReset,soft_reset_abc_proj_rl1_adwin,0.897247,0.799467,581012,NeuralARTE_covtype_soft_reset_abc_proj_rl1_adwin_s123456789_20260417_233822.csv
covtype,SoftReset,soft_reset_abc_rl1_adwin,0.898820,0.802537,581012,NeuralARTE_covtype_soft_reset_abc_rl1_adwin_s123456789_20260405_235202.csv
electricity,SoftReset,soft_reset_abc_cnn_rl1_adwin,0.894244,0.750897,45312,NeuralARTE_electricity_soft_reset_abc_cnn_rl1_adwin_s123456789_20260417_224111.csv
electricity,SoftReset,soft_reset_abc_cnn_rl1_nodrift,0.901836,0.768779,45312,NeuralARTE_electricity_soft_reset_abc_cnn_rl1_nodrift_s123456789_20260418_205007.csv
electricity,SoftReset,soft_reset_abc_proj_rl1_adwin,0.894752,0.752092,45312,NeuralARTE_electricity_soft_reset_abc_proj_rl1_adwin_s123456789_20260417_222759.csv
electricity,SoftReset,soft_reset_abc_proj_rl1_nodrift,0.903006,0.771534,45312,NeuralARTE_electricity_soft_reset_abc_proj_rl1_nodrift_s123456789_20260418_022121.csv
electricity,SoftReset,soft_reset_abc_rl1_adwin,0.894862,0.752352,45312,NeuralARTE_electricity_soft_reset_abc_rl1_adwin_s123456789_20260405_194129.csv
electricity,SoftReset,soft_reset_abc_rl1_nodrift,0.901704,0.768467,45312,NeuralARTE_electricity_soft_reset_abc_rl1_nodrift_s123456789_20260418_022016.csv
electricity,SoftReset,soft_reset_current_rl1_adwin,0.876832,0.709882,45312,NeuralARTE_electricity_soft_reset_current_rl1_adwin_s123456789_20260419_171910.csv
electricity,SoftReset,soft_reset_current_rl1_nodrift,0.885637,0.730623,45312,NeuralARTE_electricity_soft_reset_current_rl1_nodrift_s123456789_20260418_022030.csv
gassensor,SoftReset,soft_reset_abc_cnn_rl1_adwin,0.964198,0.954316,13910,NeuralARTE_gassensor_soft_reset_abc_cnn_rl1_adwin_s123456789_20260417_223549.csv
gassensor,SoftReset,soft_reset_abc_cnn_rl1_nodrift,0.957297,0.945510,13910,NeuralARTE_gassensor_soft_reset_abc_cnn_rl1_nodrift_s123456789_20260418_205006.csv
gassensor,SoftReset,soft_reset_abc_proj_rl1_adwin,0.969518,0.961104,13910,NeuralARTE_gassensor_soft_reset_abc_proj_rl1_adwin_s123456789_20260417_222258.csv
gassensor,SoftReset,soft_reset_abc_proj_rl1_nodrift,0.959166,0.947895,13910,NeuralARTE_gassensor_soft_reset_abc_proj_rl1_nodrift_s123456789_20260418_022132.csv
gassensor,SoftReset,soft_reset_abc_rl1_adwin,0.968440,0.959728,13910,NeuralARTE_gassensor_soft_reset_abc_rl1_adwin_s123456789_20260405_234045.csv
gassensor,SoftReset,soft_reset_abc_rl1_nodrift,0.957081,0.945234,13910,NeuralARTE_gassensor_soft_reset_abc_rl1_nodrift_s123456789_20260418_022026.csv
gassensor,SoftReset,soft_reset_current_rl1_adwin,0.893817,0.864508,13910,NeuralARTE_gassensor_soft_reset_current_rl1_adwin_s123456789_20260419_171211.csv
gassensor,SoftReset,soft_reset_current_rl1_nodrift,0.915744,0.892487,13910,NeuralARTE_gassensor_soft_reset_current_rl1_nodrift_s123456789_20260418_022036.csv
gmsc,SoftReset,soft_reset_abc_cnn_rl1_adwin,0.910067,-0.345502,150000,NeuralARTE_gmsc_soft_reset_abc_cnn_rl1_adwin_s123456789_20260418_000421.csv
gmsc,SoftReset,soft_reset_abc_cnn_rl1_nodrift,0.907533,-0.383403,150000,NeuralARTE_gmsc_soft_reset_abc_cnn_rl1_nodrift_s123456789_20260418_211141.csv
gmsc,SoftReset,soft_reset_abc_rl1_adwin,0.909127,-0.359565,150000,NeuralARTE_gmsc_soft_reset_abc_rl1_adwin_s123456789_20260405_235150.csv
gmsc,SoftReset,soft_reset_current_rl1_adwin,0.891293,-0.626371,150000,NeuralARTE_gmsc_soft_reset_current_rl1_adwin_s123456789_20260417_224704.csv
led_a,SoftReset,soft_reset_current_rl1_adwin,0.719462,0.688003,1000000,NeuralARTE_led_a_soft_reset_current_rl1_adwin_s123456789_20260418_113727.csv
led_g,SoftReset,soft_reset_current_rl1_adwin,0.711177,0.678792,1000000,NeuralARTE_led_g_soft_reset_current_rl1_adwin_s123456789_20260418_113727.csv
mixed_a,SoftReset,soft_reset_current_rl1_adwin,0.978597,0.957194,1000000,NeuralARTE_mixed_a_soft_reset_current_rl1_adwin_s123456789_20260419_055633.csv
mixed_g,SoftReset,soft_reset_abc_proj_rl1_adwin,0.847794,0.695587,1000000,NeuralARTE_mixed_g_soft_reset_abc_proj_rl1_adwin_s123456789_20260419_055634.csv
outdoor,SoftReset,soft_reset_abc_cnn_rl1_adwin,0.846250,0.842308,4000,NeuralARTE_outdoor_soft_reset_abc_cnn_rl1_adwin_s123456789_20260417_223236.csv
outdoor,SoftReset,soft_reset_abc_cnn_rl1_nodrift,0.849250,0.845385,4000,NeuralARTE_outdoor_soft_reset_abc_cnn_rl1_nodrift_s123456789_20260418_204651.csv
outdoor,SoftReset,soft_reset_abc_proj_rl1_adwin,0.853750,0.850000,4000,NeuralARTE_outdoor_soft_reset_abc_proj_rl1_adwin_s123456789_20260417_222257.csv
outdoor,SoftReset,soft_reset_abc_proj_rl1_nodrift,0.854000,0.850256,4000,NeuralARTE_outdoor_soft_reset_abc_proj_rl1_nodrift_s123456789_20260418_001001.csv
outdoor,SoftReset,soft_reset_abc_rl1_adwin,0.853750,0.850000,4000,NeuralARTE_outdoor_soft_reset_abc_rl1_adwin_s123456789_20260405_233843.csv
outdoor,SoftReset,soft_reset_abc_rl1_nodrift,0.853750,0.850000,4000,NeuralARTE_outdoor_soft_reset_abc_rl1_nodrift_s123456789_20260418_000952.csv
outdoor,SoftReset,soft_reset_current_rl1_adwin,0.850250,0.846410,4000,NeuralARTE_outdoor_soft_reset_current_rl1_adwin_s123456789_20260419_171208.csv
outdoor,SoftReset,soft_reset_current_rl1_nodrift,0.850000,0.846154,4000,NeuralARTE_outdoor_soft_reset_current_rl1_nodrift_s123456789_20260418_001022.csv
ozone,SoftReset,soft_reset_abc_cnn_rl1_adwin,0.931334,-0.087500,2534,NeuralARTE_ozone_soft_reset_abc_cnn_rl1_adwin_s123456789_20260417_223131.csv
ozone,SoftReset,soft_reset_abc_cnn_rl1_nodrift,0.932912,-0.062500,2534,NeuralARTE_ozone_soft_reset_abc_cnn_rl1_nodrift_s123456789_20260418_204651.csv
ozone,SoftReset,soft_reset_abc_proj_rl1_adwin,0.929361,-0.118750,2534,NeuralARTE_ozone_soft_reset_abc_proj_rl1_adwin_s123456789_20260419_151833.csv
ozone,SoftReset,soft_reset_abc_proj_rl1_nodrift,0.940016,0.050000,2534,NeuralARTE_ozone_soft_reset_abc_proj_rl1_nodrift_s123456789_20260418_001011.csv
ozone,SoftReset,soft_reset_abc_rl1_adwin,0.930939,-0.093750,2534,NeuralARTE_ozone_soft_reset_abc_rl1_adwin_s123456789_20260405_233842.csv
ozone,SoftReset,soft_reset_abc_rl1_nodrift,0.937253,0.006250,2534,NeuralARTE_ozone_soft_reset_abc_rl1_nodrift_s123456789_20260418_000958.csv
ozone,SoftReset,soft_reset_current_rl1_adwin,0.929755,-0.112500,2534,NeuralARTE_ozone_soft_reset_current_rl1_adwin_s123456789_20260417_222156.csv
ozone,SoftReset,soft_reset_current_rl1_nodrift,0.929755,-0.112500,2534,NeuralARTE_ozone_soft_reset_current_rl1_nodrift_s123456789_20260418_001032.csv
rialto,SoftReset,soft_reset_abc_cnn_rl1_adwin,0.667441,0.630490,82250,NeuralARTE_rialto_soft_reset_abc_cnn_rl1_adwin_s123456789_20260417_231216.csv
rialto,SoftReset,soft_reset_abc_cnn_rl1_nodrift,0.719185,0.687984,82250,NeuralARTE_rialto_soft_reset_abc_cnn_rl1_nodrift_s123456789_20260418_211140.csv
rialto,SoftReset,soft_reset_abc_rl1_adwin,0.629690,0.588544,82250,NeuralARTE_rialto_soft_reset_abc_rl1_adwin_s123456789_20260405_235148.csv
rialto,SoftReset,soft_reset_current_rl1_adwin,0.689398,0.654887,82250,NeuralARTE_rialto_soft_reset_current_rl1_adwin_s123456789_20260417_224703.csv
sea_a,SoftReset,soft_reset_abc_cnn_rl1_adwin,0.794758,0.488041,1000000,NeuralARTE_sea_a_soft_reset_abc_cnn_rl1_adwin_s123456789_20260419_040438.csv
sea_a,SoftReset,soft_reset_abc_cnn_rl1_nodrift,0.796977,0.493576,1000000,NeuralARTE_sea_a_soft_reset_abc_cnn_rl1_nodrift_s123456789_20260419_011907.csv
sea_a,SoftReset,soft_reset_current_rl1_adwin,0.800055,0.501253,1000000,NeuralARTE_sea_a_soft_reset_current_rl1_adwin_s123456789_20260418_040718.csv
sea_g,SoftReset,soft_reset_abc_cnn_rl1_nodrift,0.794207,0.486672,1000000,NeuralARTE_sea_g_soft_reset_abc_cnn_rl1_nodrift_s123456789_20260419_011908.csv
sea_g,SoftReset,soft_reset_abc_proj_rl1_adwin,0.791734,0.480504,1000000,NeuralARTE_sea_g_soft_reset_abc_proj_rl1_adwin_s123456789_20260418_040719.csv
shuttle,SoftReset,soft_reset_abc_cnn_rl1_adwin,0.990983,0.957867,57999,NeuralARTE_shuttle_soft_reset_abc_cnn_rl1_adwin_s123456789_20260417_225609.csv
shuttle,SoftReset,soft_reset_abc_cnn_rl1_nodrift,0.990672,0.956417,57999,NeuralARTE_shuttle_soft_reset_abc_cnn_rl1_nodrift_s123456789_20260418_205008.csv
shuttle,SoftReset,soft_reset_abc_proj_rl1_nodrift,0.990827,0.957142,57999,NeuralARTE_shuttle_soft_reset_abc_proj_rl1_nodrift_s123456789_20260418_022140.csv
shuttle,SoftReset,soft_reset_abc_rl1_adwin,0.991138,0.958592,57999,NeuralARTE_shuttle_soft_reset_abc_rl1_adwin_s123456789_20260405_234047.csv
shuttle,SoftReset,soft_reset_abc_rl1_nodrift,0.991052,0.958189,57999,NeuralARTE_shuttle_soft_reset_abc_rl1_nodrift_s123456789_20260418_022036.csv
shuttle,SoftReset,soft_reset_current_rl1_adwin,0.992276,0.963909,57999,NeuralARTE_shuttle_soft_reset_current_rl1_adwin_s123456789_20260417_222801.csv
shuttle,SoftReset,soft_reset_current_rl1_nodrift,0.991621,0.960847,57999,NeuralARTE_shuttle_soft_reset_current_rl1_nodrift_s123456789_20260418_022035.csv
airlines,HeteroBagging,abc_adwin_dir,0.684718,0.292204,539383,HeteroBagging_airlines_abc_adwin_dir_s123456789_20260418_004203.csv
airlines,HeteroBagging,abc_nodrift,0.688184,0.299987,539383,HeteroBagging_airlines_abc_nodrift_s123456789_20260418_004205.csv
covtype,HeteroBagging,abc_adwin_dir,0.905642,0.815852,581012,HeteroBagging_covtype_abc_adwin_dir_s123456789_20260418_004148.csv
covtype,HeteroBagging,abc_nodrift,0.930884,0.865114,581012,HeteroBagging_covtype_abc_nodrift_s123456789_20260418_004149.csv
electricity,HeteroBagging,abc_adwin_dir,0.884622,0.728232,45312,HeteroBagging_electricity_abc_adwin_dir_s123456789_20260417_223124.csv
electricity,HeteroBagging,abc_nodrift,0.898901,0.761865,45312,HeteroBagging_electricity_abc_nodrift_s123456789_20260417_223125.csv
electricity,HeteroBagging,abc_proj_adwin_dir,0.885108,0.729376,45312,HeteroBagging_electricity_abc_proj_adwin_dir_s123456789_20260418_045444.csv
electricity,HeteroBagging,abc_proj_nodrift,0.900600,0.765868,45312,HeteroBagging_electricity_abc_proj_nodrift_s123456789_20260418_062639.csv
electricity,HeteroBagging,heterogeneous_adwin_dir,0.899695,0.763737,45312,HeteroBagging_electricity_heterogeneous_adwin_dir_s123456789_20260418_033108.csv
electricity,HeteroBagging,heterogeneous_nodrift,0.875331,0.706347,45312,HeteroBagging_electricity_heterogeneous_nodrift_s123456789_20260418_040522.csv
gassensor,HeteroBagging,abc_adwin_dir,0.933645,0.915329,13910,HeteroBagging_gassensor_abc_adwin_dir_s123456789_20260417_222323.csv
gassensor,HeteroBagging,abc_nodrift,0.962832,0.952573,13910,HeteroBagging_gassensor_abc_nodrift_s123456789_20260417_222324.csv
gassensor,HeteroBagging,abc_proj_adwin_dir,0.928900,0.909274,13910,HeteroBagging_gassensor_abc_proj_adwin_dir_s123456789_20260418_010652.csv
gassensor,HeteroBagging,abc_proj_nodrift,0.967146,0.958077,13910,HeteroBagging_gassensor_abc_proj_nodrift_s123456789_20260418_012013.csv
gassensor,HeteroBagging,heterogeneous_adwin_dir,0.947520,0.933034,13910,HeteroBagging_gassensor_heterogeneous_adwin_dir_s123456789_20260417_233216.csv
gassensor,HeteroBagging,heterogeneous_nodrift,0.958231,0.946702,13910,HeteroBagging_gassensor_heterogeneous_nodrift_s123456789_20260417_233540.csv
gmsc,HeteroBagging,abc_adwin_dir,0.935220,0.030820,150000,HeteroBagging_gmsc_abc_adwin_dir_s123456789_20260417_231029.csv
gmsc,HeteroBagging,abc_nodrift,0.935340,0.032615,150000,HeteroBagging_gmsc_abc_nodrift_s123456789_20260417_231029.csv
led_a,HeteroBagging,abc_adwin_dir,0.739730,0.710544,1000000,HeteroBagging_led_a_abc_adwin_dir_s123456789_20260418_203205.csv
led_a,HeteroBagging,abc_nodrift,0.739936,0.710773,1000000,HeteroBagging_led_a_abc_nodrift_s123456789_20260418_203307.csv
led_g,HeteroBagging,abc_adwin_dir,0.731446,0.701334,1000000,HeteroBagging_led_g_abc_adwin_dir_s123456789_20260418_203205.csv
led_g,HeteroBagging,abc_nodrift,0.732508,0.702515,1000000,HeteroBagging_led_g_abc_nodrift_s123456789_20260418_203306.csv
outdoor,HeteroBagging,abc_adwin_dir,0.560750,0.549487,4000,HeteroBagging_outdoor_abc_adwin_dir_s123456789_20260417_222322.csv
outdoor,HeteroBagging,abc_nodrift,0.573500,0.562564,4000,HeteroBagging_outdoor_abc_nodrift_s123456789_20260417_222322.csv
outdoor,HeteroBagging,abc_proj_adwin_dir,0.550250,0.538718,4000,HeteroBagging_outdoor_abc_proj_adwin_dir_s123456789_20260418_010629.csv
outdoor,HeteroBagging,abc_proj_nodrift,0.568250,0.557179,4000,HeteroBagging_outdoor_abc_proj_nodrift_s123456789_20260418_011946.csv
outdoor,HeteroBagging,heterogeneous_adwin_dir,0.886750,0.883846,4000,HeteroBagging_outdoor_heterogeneous_adwin_dir_s123456789_20260417_233208.csv
outdoor,HeteroBagging,heterogeneous_nodrift,0.886750,0.883846,4000,HeteroBagging_outdoor_heterogeneous_nodrift_s123456789_20260417_233526.csv
ozone,HeteroBagging,abc_adwin_dir,0.938043,0.018750,2534,HeteroBagging_ozone_abc_adwin_dir_s123456789_20260417_222120.csv
ozone,HeteroBagging,abc_nodrift,0.937648,0.012500,2534,HeteroBagging_ozone_abc_nodrift_s123456789_20260417_222121.csv
ozone,HeteroBagging,abc_proj_adwin_dir,0.940410,0.056250,2534,HeteroBagging_ozone_abc_proj_adwin_dir_s123456789_20260417_224057.csv
ozone,HeteroBagging,abc_proj_nodrift,0.940805,0.062500,2534,HeteroBagging_ozone_abc_proj_nodrift_s123456789_20260417_224153.csv
ozone,HeteroBagging,heterogeneous_adwin_dir,0.936464,-0.006250,2534,HeteroBagging_ozone_heterogeneous_adwin_dir_s123456789_20260417_223628.csv
ozone,HeteroBagging,heterogeneous_nodrift,0.936464,-0.006250,2534,HeteroBagging_ozone_heterogeneous_nodrift_s123456789_20260417_223829.csv
rialto,HeteroBagging,abc_adwin_dir,0.644474,0.604971,82250,HeteroBagging_rialto_abc_adwin_dir_s123456789_20260417_231027.csv
rialto,HeteroBagging,abc_nodrift,0.756377,0.729308,82250,HeteroBagging_rialto_abc_nodrift_s123456789_20260417_231028.csv
sea_a,HeteroBagging,abc_adwin_dir,0.893938,0.735437,1000000,HeteroBagging_sea_a_abc_adwin_dir_s123456789_20260418_080143.csv
sea_a,HeteroBagging,abc_nodrift,0.895476,0.739273,1000000,HeteroBagging_sea_a_abc_nodrift_s123456789_20260418_080144.csv
sea_g,HeteroBagging,abc_adwin_dir,0.890070,0.725792,1000000,HeteroBagging_sea_g_abc_adwin_dir_s123456789_20260418_080144.csv
sea_g,HeteroBagging,abc_nodrift,0.891484,0.729319,1000000,HeteroBagging_sea_g_abc_nodrift_s123456789_20260418_080145.csv
shuttle,HeteroBagging,abc_adwin_dir,0.992431,0.964634,57999,HeteroBagging_shuttle_abc_adwin_dir_s123456789_20260417_223125.csv
shuttle,HeteroBagging,abc_nodrift,0.992431,0.964634,57999,HeteroBagging_shuttle_abc_nodrift_s123456789_20260417_223126.csv
shuttle,HeteroBagging,abc_proj_adwin_dir,0.992190,0.963506,57999,HeteroBagging_shuttle_abc_proj_adwin_dir_s123456789_20260418_045508.csv
shuttle,HeteroBagging,abc_proj_nodrift,0.992155,0.963345,57999,HeteroBagging_shuttle_abc_proj_nodrift_s123456789_20260418_062645.csv
shuttle,HeteroBagging,heterogeneous_adwin_dir,0.992138,0.963264,57999,HeteroBagging_shuttle_heterogeneous_adwin_dir_s123456789_20260418_033112.csv
shuttle,HeteroBagging,heterogeneous_nodrift,0.992121,0.963184,57999,HeteroBagging_shuttle_heterogeneous_nodrift_s123456789_20260418_040525.csv
